{"cameraMode":{"drawMode":3,"name":"Shadow Cascades","section":"Miscellaneous"},"sceneLighting":true,"audioPlay":false,"sceneViewState":{"showFog":true,"showMaterialUpdate":false,"showSkybox":true,"showFlares":true,"showImageEffects":true,"showParticleSystems":true},"in2DMode":false,"pivot":{"x":4.76837158203125e-7,"y":1.1933469772338868,"z":0.007741659879684448},"rotation":{"x":-0.03668452426791191,"y":0.96329265832901,"z":-0.18457069993019105,"w":-0.19145996868610383},"size":8.109150886535645,"orthographic":false}