{"cameraMode":{"drawMode":3,"name":"Shadow Cascades","section":"Miscellaneous"},"sceneLighting":true,"audioPlay":false,"sceneViewState":{"showFog":true,"showMaterialUpdate":false,"showSkybox":true,"showFlares":true,"showImageEffects":true,"showParticleSystems":true},"in2DMode":false,"pivot":{"x":-1.4901161193847657e-7,"y":0.05394423007965088,"z":0.023112431168556215},"rotation":{"x":-0.03668452426791191,"y":0.96329265832901,"z":-0.18457069993019105,"w":-0.19145996868610383},"size":1.1980109214782715,"orthographic":false}