{"cameraMode":{"drawMode":3,"name":"Shadow Cascades","section":"Miscellaneous"},"sceneLighting":true,"audioPlay":false,"sceneViewState":{"showFog":true,"showMaterialUpdate":false,"showSkybox":true,"showFlares":true,"showImageEffects":true,"showParticleSystems":true},"in2DMode":false,"pivot":{"x":-1.281000018119812,"y":0.9036322832107544,"z":-0.05595019459724426},"rotation":{"x":-0.03668452426791191,"y":0.96329265832901,"z":-0.18457069993019105,"w":-0.19145996868610383},"size":4.838219165802002,"orthographic":false}